<?xml version="1.0"?>
<doc>
    <assembly>
        <name>ccnet.CodePlexReleasePublisher.plugin</name>
    </assembly>
    <members>
        <member name="M:CodePlexAPI.CCNet.Publishers.CodePlexReleasePublisher.#ctor">
            <summary>
            Initializes a new instance of the <see cref="T:CodePlexAPI.CCNet.Publishers.CodePlexReleasePublisher"/> class.
            </summary>
        </member>
        <member name="M:CodePlexAPI.CCNet.Publishers.CodePlexReleasePublisher.Run(ThoughtWorks.CruiseControl.Core.IIntegrationResult)">
            <summary>
            Runs the task.
            </summary>
            <param name="result">The result.</param>
        </member>
        <member name="M:CodePlexAPI.CCNet.Publishers.CodePlexReleasePublisher.ReadModidicationComments(ThoughtWorks.CruiseControl.Core.IIntegrationResult)">
            <summary>
            Reads the modidication comments.
            </summary>
            <param name="result">The result.</param>
        </member>
        <member name="P:CodePlexAPI.CCNet.Publishers.CodePlexReleasePublisher.Username">
            <summary>
            Sets the username.
            </summary>
            <value>The username.</value>
        </member>
        <member name="P:CodePlexAPI.CCNet.Publishers.CodePlexReleasePublisher.Password">
            <summary>
            Sets the password.
            </summary>
            <value>The password.</value>
        </member>
        <member name="P:CodePlexAPI.CCNet.Publishers.CodePlexReleasePublisher.ProjectName">
            <summary>
            Gets or sets the name of the project.
            </summary>
            <value>The name of the project.</value>
        </member>
        <member name="P:CodePlexAPI.CCNet.Publishers.CodePlexReleasePublisher.Releases">
            <summary>
            Gets or sets the releases.
            </summary>
            <value>The releases.</value>
        </member>
        <member name="P:CodePlexAPI.CCNet.Publishers.CodePlexReleasePublisher.ModificationComments">
            <summary>
            Gets the modification comments.
            </summary>
            <value>The modification comments.</value>
        </member>
        <member name="M:CodePlexAPI.CCNet.Publishers.CodePlexReleaseTaskResult.#ctor(System.String)">
            <summary>
            Initializes a new instance of the <see cref="T:CodePlexAPI.CCNet.Publishers.CodePlexReleaseTaskResult"/> class.
            </summary>
            <param name="success">if set to <see langword="true"/>, then success.</param>
        </member>
        <member name="P:CodePlexAPI.CCNet.Publishers.ReleaseBase.ReleaseName">
            <summary>
            Gets or sets the name of the release.
            </summary>
            <value>The name of the release.</value>
        </member>
        <member name="M:CodePlexAPI.CCNet.Publishers.ReleaseFile.#ctor">
            <summary>
            Initializes a new instance of the <see cref="T:CodePlexAPI.CCNet.Publishers.ReleaseFile"/> class.
            </summary>
        </member>
        <member name="M:CodePlexAPI.CCNet.Publishers.ReleaseFile.#ctor(System.String,System.String,System.String,CodePlexAPI.CCNet.Publishers.ReleaseFileType)">
            <summary>
            Initializes a new instance of the <see cref="T:CodePlexAPI.CCNet.Publishers.ReleaseFile"/> class.
            </summary>
            <param name="name">The name.</param>
            <param name="mimeType">Type of the MIME.</param>
            <param name="fileName">Name of the file.</param>
            <param name="fileType">Type of the file.</param>
        </member>
        <member name="M:CodePlexAPI.CCNet.Publishers.ReleaseFile.GetFileData(ThoughtWorks.CruiseControl.Core.IIntegrationResult)">
            <summary>
            Gets the file data.
            </summary>
            <returns></returns>
        </member>
        <member name="P:CodePlexAPI.CCNet.Publishers.ReleaseFile.FileName">
            <summary>
            Gets or sets the name of the file.
            </summary>
            <value>The name of the file.</value>
        </member>
        <member name="P:CodePlexAPI.CCNet.Publishers.ReleaseFile.FileType">
            <summary>
            Gets or sets the type of the file.
            </summary>
            <value>The type of the file.</value>
        </member>
        <member name="P:CodePlexAPI.CCNet.Publishers.ReleaseFile.MimeType">
            <summary>
            Gets or sets the Mime Type.
            </summary>
            <value>The MimeType.</value>
        </member>
        <member name="P:CodePlexAPI.CCNet.Publishers.ReleaseFile.Name">
            <summary>
            Gets or sets the name.
            </summary>
            <value>The name.</value>
        </member>
        <member name="M:CodePlexAPI.CCNet.Publishers.ReleaseItem.#ctor">
            <summary>
            Initializes a new instance of the <see cref="T:CodePlexAPI.CCNet.Publishers.ReleaseItem"/> class.
            </summary>
        </member>
        <member name="P:CodePlexAPI.CCNet.Publishers.ReleaseItem.Description">
            <summary>
            Gets or sets the description.
            </summary>
            <value>The description.</value>
        </member>
        <member name="P:CodePlexAPI.CCNet.Publishers.ReleaseItem.Files">
            <summary>
            Gets or sets the files.
            </summary>
            <value>The files.</value>
        </member>
        <member name="P:CodePlexAPI.CCNet.Publishers.ReleaseItem.IsDefaultRelease">
            <summary>
            Gets or sets a value indicating whether this instance is default release.
            </summary>
            <value>
            	<see langword="true"/> if this instance is default release; otherwise, <see langword="false"/>.
            </value>
        </member>
        <member name="P:CodePlexAPI.CCNet.Publishers.ReleaseItem.ReleaseDate">
            <summary>
            Gets or sets the release date.
            </summary>
            <value>The release date.</value>
        </member>
        <member name="P:CodePlexAPI.CCNet.Publishers.ReleaseItem.ReleaseStatus">
            <summary>
            Gets or sets the release status.
            </summary>
            <value>The release status.</value>
        </member>
        <member name="P:CodePlexAPI.CCNet.Publishers.ReleaseItem.ShowOnHomePage">
            <summary>
            Gets or sets a value indicating whether show on home page.
            </summary>
            <value>
            	<see langword="true"/> if show on home page; otherwise, <see langword="false"/>.
            </value>
        </member>
        <member name="P:CodePlexAPI.CCNet.Publishers.ReleaseItem.ShowToPublic">
            <summary>
            Gets or sets a value indicating whether show to public.
            </summary>
            <value>
            	<see langword="true"/> if show to public; otherwise, <see langword="false"/>.
            </value>
        </member>
        <member name="T:CodePlexAPI.CCNet.Publishers.Properties.Resources">
            <summary>
              A strongly-typed resource class, for looking up localized strings, etc.
            </summary>
        </member>
        <member name="P:CodePlexAPI.CCNet.Publishers.Properties.Resources.ResourceManager">
            <summary>
              Returns the cached ResourceManager instance used by this class.
            </summary>
        </member>
        <member name="P:CodePlexAPI.CCNet.Publishers.Properties.Resources.Culture">
            <summary>
              Overrides the current thread's CurrentUICulture property for all
              resource lookups using this strongly typed resource class.
            </summary>
        </member>
        <member name="P:CodePlexAPI.CCNet.Publishers.Properties.Resources.FileNotFoundMessage">
            <summary>
              Looks up a localized string similar to The file &apos;{0}&apos; was not found..
            </summary>
        </member>
        <member name="P:CodePlexAPI.CCNet.Publishers.Properties.Resources.MacroPattern">
            <summary>
              Looks up a localized string similar to @\{\s?([^\(]*?)\s?\(\s?(.*?)\s?\)\s?\}.
            </summary>
        </member>
        <member name="P:CodePlexAPI.CCNet.Publishers.Properties.Resources.PropertyPatern">
            <summary>
              Looks up a localized string similar to \$\(([^\)]+)\).
            </summary>
        </member>
        <member name="P:CodePlexAPI.CCNet.Publishers.Properties.Resources.XPathPattern">
            <summary>
              Looks up a localized string similar to !\{([^\}]+)\}.
            </summary>
        </member>
        <member name="M:CodePlexAPI.CCNet.Publishers.Util.GetCCNetPropertyString(ThoughtWorks.CruiseControl.Core.IIntegrationResult,System.String)">
            <summary>
            Gets the CCNet property string.
            </summary>
            <param name="result">The result.</param>
            <param name="input">The input.</param>
            <returns></returns>
        </member>
        <member name="M:CodePlexAPI.CCNet.Publishers.Util.CreateTaskResultXmlDocument(ThoughtWorks.CruiseControl.Core.IIntegrationResult)">
            <summary>
            Creates the task result XML document.
            </summary>
            <param name="result">The result.</param>
            <returns></returns>
        </member>
        <member name="M:CodePlexAPI.CCNet.Publishers.Util.GetXmlTaskResultNode(ThoughtWorks.CruiseControl.Core.IIntegrationResult,System.String)">
            <summary>
            Gets the XML task result node.
            </summary>
            <param name="result">The result.</param>
            <param name="xpath">The xpath.</param>
            <returns></returns>
        </member>
        <member name="M:CodePlexAPI.CCNet.Publishers.Util.ContainsCCNetPropertyName(ThoughtWorks.CruiseControl.Core.IIntegrationResult,System.String)">
            <summary>
            Contains the name of the CCnet property.
            </summary>
            <param name="result">The result.</param>
            <param name="propName">Name of the prop.</param>
            <returns></returns>
        </member>
        <member name="M:CodePlexAPI.CCNet.Publishers.Util.GetCCNetPropertyValue(ThoughtWorks.CruiseControl.Core.IIntegrationResult,System.String)">
            <summary>
            Gets the CCnet property value.
            </summary>
            <param name="result">The result.</param>
            <param name="propName">Name of the prop.</param>
            <returns></returns>
        </member>
        <member name="T:CodePlexAPI.CCNet.Publishers.CodePlex.WebServices.Client.ReleaseService">
            <remarks/>
        </member>
        <member name="M:CodePlexAPI.CCNet.Publishers.CodePlex.WebServices.Client.ReleaseService.#ctor">
            <remarks/>
        </member>
        <member name="M:CodePlexAPI.CCNet.Publishers.CodePlex.WebServices.Client.ReleaseService.CreateRelease(System.String,System.String,System.String,System.String,System.String,System.Boolean,System.Boolean,System.Boolean,System.String,System.String)">
            <remarks/>
        </member>
        <member name="M:CodePlexAPI.CCNet.Publishers.CodePlex.WebServices.Client.ReleaseService.CreateReleaseAsync(System.String,System.String,System.String,System.String,System.String,System.Boolean,System.Boolean,System.Boolean,System.String,System.String)">
            <remarks/>
        </member>
        <member name="M:CodePlexAPI.CCNet.Publishers.CodePlex.WebServices.Client.ReleaseService.CreateReleaseAsync(System.String,System.String,System.String,System.String,System.String,System.Boolean,System.Boolean,System.Boolean,System.String,System.String,System.Object)">
            <remarks/>
        </member>
        <member name="M:CodePlexAPI.CCNet.Publishers.CodePlex.WebServices.Client.ReleaseService.UploadReleaseFiles(System.String,System.String,CodePlexAPI.CCNet.Publishers.CodePlex.WebServices.Client.ReleaseFile[],System.String,System.String)">
            <remarks/>
        </member>
        <member name="M:CodePlexAPI.CCNet.Publishers.CodePlex.WebServices.Client.ReleaseService.UploadReleaseFilesAsync(System.String,System.String,CodePlexAPI.CCNet.Publishers.CodePlex.WebServices.Client.ReleaseFile[],System.String,System.String)">
            <remarks/>
        </member>
        <member name="M:CodePlexAPI.CCNet.Publishers.CodePlex.WebServices.Client.ReleaseService.UploadReleaseFilesAsync(System.String,System.String,CodePlexAPI.CCNet.Publishers.CodePlex.WebServices.Client.ReleaseFile[],System.String,System.String,System.Object)">
            <remarks/>
        </member>
        <member name="M:CodePlexAPI.CCNet.Publishers.CodePlex.WebServices.Client.ReleaseService.CancelAsync(System.Object)">
            <remarks/>
        </member>
        <member name="E:CodePlexAPI.CCNet.Publishers.CodePlex.WebServices.Client.ReleaseService.CreateReleaseCompleted">
            <remarks/>
        </member>
        <member name="E:CodePlexAPI.CCNet.Publishers.CodePlex.WebServices.Client.ReleaseService.UploadReleaseFilesCompleted">
            <remarks/>
        </member>
        <member name="T:CodePlexAPI.CCNet.Publishers.CodePlex.WebServices.Client.ReleaseFile">
            <remarks/>
        </member>
        <member name="P:CodePlexAPI.CCNet.Publishers.CodePlex.WebServices.Client.ReleaseFile.Name">
            <remarks/>
        </member>
        <member name="P:CodePlexAPI.CCNet.Publishers.CodePlex.WebServices.Client.ReleaseFile.MimeType">
            <remarks/>
        </member>
        <member name="P:CodePlexAPI.CCNet.Publishers.CodePlex.WebServices.Client.ReleaseFile.FileName">
            <remarks/>
        </member>
        <member name="P:CodePlexAPI.CCNet.Publishers.CodePlex.WebServices.Client.ReleaseFile.FileData">
            <remarks/>
        </member>
        <member name="P:CodePlexAPI.CCNet.Publishers.CodePlex.WebServices.Client.ReleaseFile.FileType">
            <remarks/>
        </member>
        <member name="T:CodePlexAPI.CCNet.Publishers.CodePlex.WebServices.Client.CreateReleaseCompletedEventHandler">
            <remarks/>
        </member>
        <member name="T:CodePlexAPI.CCNet.Publishers.CodePlex.WebServices.Client.CreateReleaseCompletedEventArgs">
            <remarks/>
        </member>
        <member name="P:CodePlexAPI.CCNet.Publishers.CodePlex.WebServices.Client.CreateReleaseCompletedEventArgs.Result">
            <remarks/>
        </member>
        <member name="T:CodePlexAPI.CCNet.Publishers.CodePlex.WebServices.Client.UploadReleaseFilesCompletedEventHandler">
            <remarks/>
        </member>
    </members>
</doc>
