﻿<cruisecontrol>
  <!-- quickgraph -->
  <project name="QuickGraph">
    <workingDirectory>c:\codexbox\quickgraph</workingDirectory>
    <artifactDirectory>c:\codexbox\quickgraph\build</artifactDirectory>
    <category>Personal</category>
    <webURL>http://localhost/ccnet/quickgraph</webURL>

    <sourcecontrol type="vsts" autoGetSource="true" applyLabel="false">
      <server>https://tfs03.codeplex.com:443</server>
      <username>YYYYY</username>
      <password>XXXXX</password>
      <domain>snd</domain>
      <project>$/quickgraph</project>
      <workingDirectory>c:\codebox\quickgraph</workingDirectory>
    </sourcecontrol>

    <tasks>
      <msbuild>
        <executable>C:\WINDOWS\Microsoft.NET\Framework\v2.0.50727\MSBuild.exe</executable>
        <workingDirectory>c:\codebox\quickgraph\sources</workingDirectory>
        <projectFile>quickgraph.sln</projectFile>
        <buildArgs>/noconsolelogger /p:Configuration=Debug /v:diag</buildArgs>
        <targets>Clean;Build</targets>
        <timeout>60</timeout>
        <logger>C:\Program Files\CruiseControl.NET\server\ThoughtWorks.CruiseControl.MsBuild.dll</logger>
      </msbuild>
    </tasks>

    <publishers>
      <statistics />
      <xmllogger />
    </publishers>

  </project>
</cruisecontrol>